id,first_name,last_name,email,date,unsuccessful_deals
1,Morlee,Emmins,memmins0@deliciousdays.com,15-08-22,44
2,Lauryn,Chipp,lchipp1@dagondesign.com,31-03-22,100
3,Neils,Skeldon,nskeldon2@sbwire.com,16-10-21,70
4,Martyn,Ashington,mashington3@columbia.edu,07-02-23,56
5,Ravid,Kubicek,rkubicek4@blogger.com,17-12-21,21
6,Ina,Meffen,imeffen5@smugmug.com,08-02-22,53
7,Ervin,Pally,epally6@dailymail.co.uk,09-12-22,57
8,Arabella,Vedeshkin,avedeshkin7@mapy.cz,03-02-21,52
9,Vasily,Patshull,vpatshull8@latimes.com,08-11-20,11
10,Ricardo,Hamel,rhamel9@washingtonpost.com,28-10-21,51
11,Cassie,Powles,cpowlesa@clickbank.net,08-03-23,88
12,Clare,Tregust,ctregustb@cnbc.com,29-12-21,53
13,Giusto,Carnie,gcarniec@over-blog.com,18-09-21,86
14,Milissent,Lieb,mliebd@mozilla.org,26-04-22,9
15,Megan,Town,mtowne@istockphoto.com,13-04-22,71
16,Bengt,Tebbe,btebbef@delicious.com,06-01-21,57
17,Gabrielle,Gilhool,ggilhoolg@wikipedia.org,23-08-22,51
18,Fabian,Brockbank,fbrockbankh@phpbb.com,22-03-23,34
19,Xaviera,Allewell,xallewelli@ucsd.edu,16-05-21,17
20,Lancelot,Rochester,lrochesterj@weather.com,26-02-22,13
21,Lanna,Wolfers,lwolfersk@cam.ac.uk,22-03-22,4
22,Roderich,Kirvin,rkirvinl@soundcloud.com,12-03-22,37
23,Melisse,Trudgeon,mtrudgeonm@phpbb.com,09-04-23,80
24,Karee,Erett,kerettn@alexa.com,12-08-22,31
25,Glennis,Perrycost,gperrycosto@apple.com,12-12-21,38
26,Tommie,Godehard.sf,tgodehardsfp@stanford.edu,17-07-21,100
27,Max,Kincla,mkinclaq@sun.com,06-06-22,29
28,Aldridge,Croome,acroomer@elpais.com,05-07-22,58
29,Amabel,Yes,ayess@uiuc.edu,18-03-21,76
30,Rriocard,Tellenbach,rtellenbacht@telegraph.co.uk,03-11-21,3
31,Wes,Kleynen,wkleynenu@ask.com,24-02-23,98
32,Zita,Plet,zpletv@sogou.com,03-03-23,10
33,Clarissa,Hasley,chasleyw@globo.com,06-11-20,84
34,Florina,Millen,fmillenx@youtu.be,04-10-22,62
35,Blair,Oboy,boboyy@webs.com,08-10-22,58
36,Maddie,Saladin,msaladinz@newsvine.com,13-09-21,46
37,Lory,Brayshaw,lbrayshaw10@zimbio.com,17-07-22,6
38,Adora,Jelleman,ajelleman11@hugedomains.com,13-10-21,10
39,Amelia,Hovy,ahovy12@w3.org,17-04-21,72
40,Sean,Aitcheson,saitcheson13@bloglines.com,12-12-22,81
41,Ulberto,Luker,uluker14@chicagotribune.com,25-11-21,79
42,Luz,Watkiss,lwatkiss15@etsy.com,29-04-21,56
43,Siobhan,Chasney,schasney16@intel.com,29-11-21,59
44,Cecelia,Cabane,ccabane17@state.tx.us,04-01-22,79
45,Carlie,Dorman,cdorman18@wikispaces.com,08-04-21,49
46,Gerti,Cubin,gcubin19@reuters.com,17-01-22,51
47,Margalo,Betteridge,mbetteridge1a@phpbb.com,11-12-22,36
48,Ailene,Hartfleet,ahartfleet1b@uiuc.edu,09-02-22,94
49,Philomena,Lainge,plainge1c@bing.com,09-12-20,4
50,Lonnie,Sewley,lsewley1d@netlog.com,17-03-23,82
51,Camilla,Peyto,cpeyto1e@elegantthemes.com,04-02-23,18
52,Nert,Duffill,nduffill1f@angelfire.com,01-05-23,67
53,Linc,Frissell,lfrissell1g@ebay.com,06-10-22,43
54,Garnette,Garken,ggarken1h@walmart.com,11-03-23,63
55,Kiley,Acheson,kacheson1i@devhub.com,30-10-21,84
56,Drusi,Glader,dglader1j@yahoo.com,12-12-22,35
57,Ezri,Gurnell,egurnell1k@soundcloud.com,29-07-21,28
58,Ari,McKerlie,amckerlie1l@sogou.com,08-08-21,73
59,Minta,Fullager,mfullager1m@360.cn,09-12-20,63
60,Angel,Dikelin,adikelin1n@opera.com,02-03-21,81
61,Aloisia,Bonnaire,abonnaire1o@pcworld.com,21-11-20,22
62,Charis,Sawday,csawday1p@unc.edu,11-08-21,83
63,Sheila,Sitlington,ssitlington1q@shareasale.com,27-07-21,32
64,Leonerd,Withrington,lwithrington1r@telegraph.co.uk,19-06-22,49
65,Valera,Pindred,vpindred1s@technorati.com,18-01-23,100
66,Amberly,Babonau,ababonau1t@howstuffworks.com,10-05-22,2
67,Agathe,Storch,astorch1u@hhs.gov,09-05-22,45
68,Leoline,Latchford,llatchford1v@jugem.jp,15-05-22,20
69,Marielle,Lawday,mlawday1w@stanford.edu,23-02-23,68
70,Ketti,Dimic,kdimic1x@engadget.com,30-06-21,100
71,Kenton,Parkman,kparkman1y@alexa.com,29-01-23,87
72,Skipper,Padefield,spadefield1z@amazon.com,09-09-22,50
73,Easter,Clows,eclows20@artisteer.com,27-01-22,100
74,Raynard,Mottini,rmottini21@illinois.edu,29-12-20,4
75,De,Deniset,ddeniset22@vkontakte.ru,10-05-21,75
76,Pauletta,Lyne,plyne23@examiner.com,11-02-21,18
77,Stevena,Klimowicz,sklimowicz24@about.com,10-01-23,2
78,Celinka,Essam,cessam25@loc.gov,10-08-21,69
79,Viviyan,Pritchitt,vpritchitt26@istockphoto.com,04-04-23,30
80,Frederick,Wyllt,fwyllt27@mail.ru,04-07-21,61
81,Reilly,Cuseck,rcuseck28@fotki.com,18-02-22,55
82,Patton,Scrimshire,pscrimshire29@howstuffworks.com,24-09-22,40
83,Harrison,Whellans,hwhellans2a@unc.edu,19-06-21,21
84,Aleda,Reynolds,areynolds2b@privacy.gov.au,22-11-21,30
85,Crichton,Haycroft,chaycroft2c@sciencedirect.com,28-06-22,69
86,Calv,Ledson,cledson2d@ft.com,21-05-22,55
87,Allys,Kilban,akilban2e@theguardian.com,06-04-21,73
88,Cymbre,Millthorpe,cmillthorpe2f@livejournal.com,29-11-22,1
89,Sam,Pelchat,spelchat2g@ow.ly,04-07-21,11
90,Julissa,Ivett,jivett2h@csmonitor.com,13-05-21,37
91,Neville,Scoles,nscoles2i@typepad.com,08-05-22,26
92,Elinor,Esp,eesp2j@cocolog-nifty.com,25-02-22,9
93,Murvyn,Bratch,mbratch2k@boston.com,02-08-22,21
94,Lisbeth,Durtnall,ldurtnall2l@globo.com,07-04-21,34
95,Giorgia,Scimonelli,gscimonelli2m@vkontakte.ru,26-04-22,57
96,Drew,Truswell,dtruswell2n@tripod.com,24-01-23,83
97,Whitaker,Cawtheray,wcawtheray2o@google.com,09-11-21,85
98,Deloria,Griss,dgriss2p@ucoz.com,24-07-21,49
99,Klemens,Glenwright,kglenwright2q@elpais.com,31-12-20,11
100,Alyosha,Dugdale,adugdale2r@plala.or.jp,05-01-23,94
101,Geri,English,genglish2s@google.com,13-11-20,10
102,Carmencita,Amos,camos2t@miitbeian.gov.cn,06-01-22,36
103,Micky,Goldsberry,mgoldsberry2u@alexa.com,26-09-22,62
104,Ailsun,Bareham,abareham2v@ebay.com,04-09-21,37
105,Kalli,Passler,kpassler2w@studiopress.com,14-08-22,47
106,Haley,Gjerde,hgjerde2x@cnet.com,21-04-23,71
107,Margarita,Shadfourth,mshadfourth2y@discuz.net,02-07-21,15
108,Doretta,Beadel,dbeadel2z@friendfeed.com,26-03-22,96
109,Chad,Fairley,cfairley30@newyorker.com,27-12-22,3
110,Michell,Zucker,mzucker31@desdev.cn,17-01-21,1
111,Ede,Wilcott,ewilcott32@livejournal.com,10-08-22,52
112,Karalynn,Etteridge,ketteridge33@sciencedirect.com,18-12-22,98
113,Correna,Agirre,cagirre34@nyu.edu,10-05-21,12
114,Prent,Webborn,pwebborn35@booking.com,02-07-21,83
115,Chev,Findon,cfindon36@github.io,04-09-21,13
116,Rasla,Ors,rors37@amazon.com,14-09-22,12
117,Fanni,Pinnick,fpinnick38@amazon.de,13-07-22,92
118,Clay,Honacker,chonacker39@twitpic.com,18-08-21,63
119,Blakelee,Angelini,bangelini3a@indiegogo.com,08-01-21,59
120,Cob,Druce,cdruce3b@tiny.cc,10-04-21,91
121,Reggie,Larver,rlarver3c@columbia.edu,03-07-21,11
122,Charis,Cush,ccush3d@moonfruit.com,09-11-22,68
123,Gray,Constanza,gconstanza3e@google.co.uk,13-06-22,68
124,Brunhilda,Rasch,brasch3f@auda.org.au,05-04-22,37
125,Doralynne,Bayliss,dbayliss3g@dmoz.org,17-10-21,89
126,Fabien,Vasnev,fvasnev3h@umich.edu,22-02-23,74
127,Graham,Paulig,gpaulig3i@sina.com.cn,07-05-21,21
128,Jamal,Outram,joutram3j@mozilla.com,10-03-21,79
129,Tirrell,Jiru,tjiru3k@1und1.de,26-12-22,86
130,Paquito,Matusevich,pmatusevich3l@github.io,04-02-23,65
131,Lenette,Greensides,lgreensides3m@mail.ru,20-05-21,9
132,Junia,Waddie,jwaddie3n@list-manage.com,31-01-21,97
133,Gustav,Elleton,gelleton3o@rakuten.co.jp,09-04-22,54
134,Kerrie,Toombs,ktoombs3p@twitpic.com,15-03-23,9
135,Maria,Simeone,msimeone3q@pen.io,27-12-22,8
136,Sarge,Rides,srides3r@walmart.com,14-01-23,83
137,Titos,Kighly,tkighly3s@mashable.com,18-01-23,56
138,Biddy,Danihel,bdanihel3t@soundcloud.com,04-08-22,94
139,Manuel,Veevers,mveevers3u@washington.edu,20-01-22,30
140,Frieda,Jardin,fjardin3v@livejournal.com,13-11-20,19
141,Jennee,Reignolds,jreignolds3w@netscape.com,10-10-22,60
142,Maryann,Eberdt,meberdt3x@theguardian.com,21-03-21,95
143,Jennie,Lote,jlote3y@acquirethisname.com,29-03-22,14
144,Sarina,Loxly,sloxly3z@friendfeed.com,13-03-23,30
145,Nickey,Gascoine,ngascoine40@bandcamp.com,10-10-22,10
146,Riordan,Masterton,rmasterton41@senate.gov,15-11-22,85
147,Gabriele,Andreopolos,gandreopolos42@desdev.cn,31-12-22,16
148,Peggie,Killiam,pkilliam43@infoseek.co.jp,17-11-22,11
149,Orella,Oliveto,ooliveto44@mapquest.com,29-11-22,98
150,Alina,Hoodspeth,ahoodspeth45@ucoz.ru,19-02-22,82
151,Arleen,Diglin,adiglin46@weibo.com,22-10-21,51
152,Agata,Tabord,atabord47@weather.com,09-09-21,80
153,Jacki,Ladel,jladel48@theglobeandmail.com,13-11-21,38
154,Tanhya,MacLese,tmaclese49@rambler.ru,12-07-22,65
155,Lorne,Crawforth,lcrawforth4a@alexa.com,07-03-22,77
156,Joelle,Spacy,jspacy4b@ycombinator.com,23-01-23,30
157,Trstram,Blakeslee,tblakeslee4c@bizjournals.com,05-07-22,55
158,Trixy,Chuter,tchuter4d@sbwire.com,07-11-21,50
159,Latashia,Ilem,lilem4e@usatoday.com,11-10-22,62
160,Rozalin,Turbayne,rturbayne4f@instagram.com,12-05-22,2
161,Katrina,Gomersal,kgomersal4g@mit.edu,08-07-21,71
162,Baryram,Ruvel,bruvel4h@yahoo.com,04-04-22,17
163,Garland,Orbine,gorbine4i@unesco.org,15-03-21,49
164,Jacintha,Darlington,jdarlington4j@techcrunch.com,19-10-22,89
165,Leanna,Jales,ljales4k@netlog.com,25-03-21,38
166,Nathalia,Isham,nisham4l@google.com.au,28-03-23,76
167,Leena,Smallacombe,lsmallacombe4m@istockphoto.com,06-10-22,86
168,Lyman,Cawthorn,lcawthorn4n@cyberchimps.com,24-11-21,90
169,Monte,Egdale,megdale4o@a8.net,15-10-22,62
170,Dacia,Ritch,dritch4p@skyrock.com,26-03-23,43
171,Levy,Bosanko,lbosanko4q@weibo.com,15-08-21,10
172,Arabela,Rangell,arangell4r@ameblo.jp,25-04-23,4
173,Sayre,Maylin,smaylin4s@tinypic.com,04-05-22,33
174,Cristionna,McRavey,cmcravey4t@indiatimes.com,26-10-21,91
175,Dorry,Sturley,dsturley4u@unblog.fr,30-04-22,22
176,Kerry,Mitham,kmitham4v@bloglovin.com,04-03-21,19
177,Vitoria,Roseveare,vroseveare4w@cmu.edu,03-02-21,21
178,Chen,de Aguirre,cdeaguirre4x@nhs.uk,17-05-21,48
179,Nikkie,Ginnelly,nginnelly4y@foxnews.com,02-12-21,25
180,Julita,Pietrusiak,jpietrusiak4z@mayoclinic.com,28-07-22,52
181,Storm,Loisi,sloisi50@blogspot.com,03-02-21,50
182,Sigismondo,Polye,spolye51@barnesandnoble.com,31-12-22,31
183,Gerrard,Eckersley,geckersley52@nytimes.com,05-08-22,86
184,Dodie,Annetts,dannetts53@ucsd.edu,31-12-20,37
185,Lucila,Rains,lrains54@adobe.com,10-11-20,12
186,Kin,Arthey,karthey55@bbc.co.uk,25-08-21,83
187,Giselbert,Darton,gdarton56@studiopress.com,29-11-20,64
188,Editha,Ivankovic,eivankovic57@spiegel.de,11-04-22,10
189,Nessie,Prosser,nprosser58@businessinsider.com,14-02-21,74
190,Dannie,Wadsworth,dwadsworth59@engadget.com,10-06-22,57
191,Arlyn,Harford,aharford5a@illinois.edu,16-11-22,81
192,Perren,Donaway,pdonaway5b@google.pl,02-11-20,54
193,Angelo,Whitlock,awhitlock5c@oakley.com,13-04-21,80
194,Anstice,Aucott,aaucott5d@hostgator.com,22-01-23,44
195,Sissy,Popplestone,spopplestone5e@yellowpages.com,19-12-22,36
196,Jacquette,Coorington,jcoorington5f@vinaora.com,21-04-21,100
197,Brockie,Chaimson,bchaimson5g@mozilla.org,25-10-22,82
198,Kaitlin,Starzaker,kstarzaker5h@feedburner.com,19-09-22,77
199,Jacquelin,Waud,jwaud5i@bloomberg.com,06-12-22,87
200,Mahmoud,Giblin,mgiblin5j@opera.com,24-03-23,23
201,Ferne,Holbarrow,fholbarrow5k@senate.gov,24-02-22,68
202,Rob,Loftus,rloftus5l@issuu.com,01-09-22,58
203,Curcio,Lush,clush5m@taobao.com,10-11-20,77
204,Morey,McIlvaney,mmcilvaney5n@spiegel.de,01-04-23,89
205,Edita,Dormon,edormon5o@people.com.cn,02-07-22,42
206,Tandi,Junkin,tjunkin5p@facebook.com,25-04-22,88
207,Kennie,Normanville,knormanville5q@g.co,15-04-21,100
208,Constantia,Domengue,cdomengue5r@patch.com,18-01-22,81
209,Mendel,Scrivener,mscrivener5s@devhub.com,20-06-22,73
210,Edie,Megroff,emegroff5t@sciencedaily.com,23-05-22,47
211,Michal,Cockrem,mcockrem5u@icq.com,21-08-22,71
212,Ursola,Dalgardno,udalgardno5v@ftc.gov,10-03-23,23
213,Kimberly,Rappaport,krappaport5w@e-recht24.de,26-04-22,45
214,Tina,Mudle,tmudle5x@geocities.com,30-11-21,35
215,Cathi,Hayhow,chayhow5y@sfgate.com,29-04-21,96
216,Gayler,Shorbrook,gshorbrook5z@surveymonkey.com,15-04-22,7
217,Kellen,Carlsson,kcarlsson60@macromedia.com,24-08-21,16
218,Gan,Hartly,ghartly61@clickbank.net,01-08-22,61
219,Torre,Ellerbeck,tellerbeck62@hc360.com,06-03-22,91
220,Stace,Pidwell,spidwell63@photobucket.com,17-07-21,74
221,Dominica,Orbell,dorbell64@ft.com,26-07-21,97
222,Claudio,Brachell,cbrachell65@intel.com,12-03-23,29
223,Malorie,Simione,msimione66@archive.org,05-06-22,19
224,Batsheva,Dufton,bdufton67@ft.com,28-01-21,10
225,Archer,Capponeer,acapponeer68@mtv.com,03-06-22,17
226,Joice,Osbidston,josbidston69@elpais.com,12-11-20,46
227,Elwyn,Brisse,ebrisse6a@google.fr,07-05-21,28
228,Marnie,Fetters,mfetters6b@yolasite.com,20-04-22,49
229,Inga,MacCartair,imaccartair6c@list-manage.com,03-10-21,100
230,Sharyl,Ivison,sivison6d@ehow.com,10-03-22,34
231,Riobard,Rickersey,rrickersey6e@google.de,22-03-23,60
232,Kaine,MacColl,kmaccoll6f@taobao.com,05-10-22,6
233,Melania,Blaxton,mblaxton6g@unesco.org,25-01-22,88
234,Staci,Depka,sdepka6h@amazonaws.com,25-12-22,58
235,Cristie,Moen,cmoen6i@etsy.com,16-11-22,44
236,Ferrel,Rittmeyer,frittmeyer6j@hatena.ne.jp,20-11-20,1
237,Noellyn,Bischoff,nbischoff6k@soundcloud.com,27-09-22,55
238,Maryellen,Gheeraert,mgheeraert6l@hc360.com,13-11-20,4
239,Allene,Eagland,aeagland6m@vk.com,26-08-21,41
240,Giorgia,Curtoys,gcurtoys6n@biblegateway.com,18-02-21,87
241,Nanine,Narey,nnarey6o@live.com,04-06-21,64
242,Donovan,Swinglehurst,dswinglehurst6p@pinterest.com,17-11-20,38
243,Garrik,Rusling,grusling6q@hatena.ne.jp,27-12-21,33
244,Corbie,Melding,cmelding6r@pagesperso-orange.fr,09-09-22,70
245,Berna,Dornin,bdornin6s@state.gov,24-01-23,87
246,Josias,Gaughan,jgaughan6t@parallels.com,01-02-22,80
247,Glyn,Vatcher,gvatcher6u@slate.com,03-06-22,50
248,Elisabet,Ailsbury,eailsbury6v@springer.com,29-03-21,84
249,Helyn,Veal,hveal6w@delicious.com,14-12-20,14
250,Obidiah,Cradick,ocradick6x@domainmarket.com,03-01-21,47
251,Aridatha,Banyard,abanyard6y@arizona.edu,18-01-23,62
252,Lorenza,Sangar,lsangar6z@stumbleupon.com,27-11-21,26
253,Hazel,Tuley,htuley70@photobucket.com,17-12-22,57
254,Gregorius,Andrioletti,gandrioletti71@theguardian.com,03-06-21,25
255,Esra,Bird,ebird72@cdbaby.com,12-12-22,84
256,Berna,Ghion,bghion73@oaic.gov.au,04-03-22,9
257,Charlene,Hugo,chugo74@bandcamp.com,27-10-22,26
258,Jacenta,Butts,jbutts75@delicious.com,19-01-21,34
259,Ennis,Golden,egolden76@google.pl,08-09-22,100
260,Inna,Crangle,icrangle77@pinterest.com,13-03-21,12
261,Garrott,Lovewell,glovewell78@apache.org,30-06-22,22
262,Beaufort,Ritchley,britchley79@microsoft.com,08-05-21,87
263,Rance,Seid,rseid7a@whitehouse.gov,08-06-22,45
264,Cos,Saulter,csaulter7b@timesonline.co.uk,06-07-22,36
265,Nancie,Pouck,npouck7c@etsy.com,22-08-22,30
266,Shirley,Riggeard,sriggeard7d@census.gov,20-12-20,46
267,Claudina,Jorry,cjorry7e@oracle.com,28-03-23,78
268,Addy,Demongeot,ademongeot7f@cocolog-nifty.com,28-04-22,80
269,Allsun,Porker,aporker7g@globo.com,18-03-22,42
270,Wilie,Oliver,woliver7h@ucoz.ru,19-01-23,43
271,Nichole,Grollmann,ngrollmann7i@google.nl,07-11-22,32
272,Kenon,Hasel,khasel7j@prlog.org,31-08-22,45
273,Celestine,Benge,cbenge7k@jimdo.com,13-01-23,50
274,Hyacintha,Philcox,hphilcox7l@acquirethisname.com,19-09-22,35
275,Roxana,Dannett,rdannett7m@simplemachines.org,16-04-21,17
276,Nyssa,Skoggings,nskoggings7n@google.pl,08-08-21,51
277,Dom,Kirimaa,dkirimaa7o@tamu.edu,04-07-21,4
278,Loretta,Hasluck,lhasluck7p@cdc.gov,26-12-22,33
279,Nealson,Herkess,nherkess7q@fc2.com,24-08-21,62
280,Vidovik,Gilstin,vgilstin7r@omniture.com,20-11-21,19
281,Biddie,O'Loughane,boloughane7s@dropbox.com,21-09-21,3
282,Frederigo,Mongeot,fmongeot7t@people.com.cn,02-04-21,72
283,Esma,Koubek,ekoubek7u@csmonitor.com,11-12-22,85
284,Gabie,MacKnight,gmacknight7v@twitter.com,01-09-21,56
285,Arabel,Dallimare,adallimare7w@wix.com,08-12-21,46
286,Wyndham,Bein,wbein7x@wisc.edu,29-11-20,25
287,Cassandra,Brydie,cbrydie7y@cbsnews.com,27-02-21,39
288,Willamina,Oxenham,woxenham7z@wsj.com,09-10-21,90
289,Hildegaard,Womack,hwomack80@twitpic.com,06-04-22,29
290,Rosina,Handasyde,rhandasyde81@opera.com,28-08-21,65
291,Madonna,Tomlinson,mtomlinson82@uol.com.br,28-06-22,12
292,Marline,Gilleson,mgilleson83@imdb.com,03-02-22,69
293,Dyann,Moorcraft,dmoorcraft84@epa.gov,28-07-22,25
294,Theo,Prando,tprando85@imdb.com,24-02-21,92
295,Mackenzie,Spinley,mspinley86@pen.io,30-11-21,4
296,Dilly,Dymoke,ddymoke87@wp.com,14-09-21,1
297,Dulciana,Hedges,dhedges88@usa.gov,05-06-21,69
298,Sal,Mixture,smixture89@plala.or.jp,11-07-22,91
299,Chariot,Sowray,csowray8a@ft.com,19-11-22,72
300,Olimpia,Davydzenko,odavydzenko8b@skype.com,10-01-21,36
301,Selina,Ottewell,sottewell8c@zimbio.com,30-01-22,55
302,Antons,Crome,acrome8d@theglobeandmail.com,07-03-23,23
303,Lilia,Lapham,llapham8e@redcross.org,21-01-22,13
304,Clair,Tow,ctow8f@gravatar.com,05-09-21,87
305,Vittorio,Faux,vfaux8g@whitehouse.gov,14-03-22,17
306,Letta,Orto,lorto8h@aol.com,07-01-23,83
307,Dasi,Blakes,dblakes8i@dot.gov,23-01-21,68
308,Thacher,Struis,tstruis8j@craigslist.org,24-03-23,11
309,Alis,Jiggle,ajiggle8k@netscape.com,08-03-22,73
310,Dido,Kenningham,dkenningham8l@vk.com,03-11-21,11
311,Corrinne,Carolan,ccarolan8m@dmoz.org,24-08-22,92
312,Cissy,Gennings,cgennings8n@123-reg.co.uk,22-04-21,32
313,Kathryn,Brugman,kbrugman8o@sciencedaily.com,27-03-21,1
314,Kathrine,Gorman,kgorman8p@census.gov,30-04-21,65
315,Jennine,Bowart,jbowart8q@geocities.jp,14-04-23,15
316,Urbano,Frankiss,ufrankiss8r@discovery.com,01-11-21,71
317,Tracee,Davidou,tdavidou8s@typepad.com,06-11-21,62
318,Wendell,Calton,wcalton8t@cafepress.com,16-10-21,18
319,Barnett,Carlill,bcarlill8u@diigo.com,12-10-22,29
320,Meggy,Duquesnay,mduquesnay8v@example.com,12-11-22,92
321,Davine,Ruggier,druggier8w@nyu.edu,11-09-21,22
322,Quincy,Attoc,qattoc8x@t.co,08-09-22,28
323,Chad,Dixey,cdixey8y@google.com.au,19-09-21,95
324,Cullan,McIlwraith,cmcilwraith8z@google.ca,31-05-22,7
325,Horst,Harlin,hharlin90@shareasale.com,09-02-22,67
326,Redford,Hadye,rhadye91@theatlantic.com,11-02-21,67
327,Candide,Aberchirder,caberchirder92@ed.gov,15-12-22,44
328,Anallese,Halkyard,ahalkyard93@redcross.org,17-04-22,87
329,Jannelle,Leete,jleete94@hibu.com,03-02-22,27
330,Kakalina,Gowthorpe,kgowthorpe95@icio.us,18-04-21,31
331,Robin,Golton,rgolton96@csmonitor.com,03-12-21,11
332,Franky,Face,fface97@slate.com,04-01-23,65
333,Dew,Zecchini,dzecchini98@ed.gov,27-02-22,8
334,Binnie,Dore,bdore99@sogou.com,08-08-21,52
335,Andromache,Maffei,amaffei9a@sourceforge.net,07-08-22,40
336,Lowrance,Woolgar,lwoolgar9b@tripadvisor.com,10-01-22,27
337,Carly,Smoth,csmoth9c@comcast.net,29-06-21,24
338,Gun,Antonowicz,gantonowicz9d@taobao.com,19-02-23,3
339,Jules,Cross,jcross9e@hc360.com,21-05-21,22
340,Vale,Boundley,vboundley9f@buzzfeed.com,22-04-22,13
341,Patrizia,McGown,pmcgown9g@biblegateway.com,25-06-22,54
342,Georgia,Kidgell,gkidgell9h@craigslist.org,17-01-23,52
343,Shandeigh,Carverhill,scarverhill9i@myspace.com,03-04-23,20
344,Danita,Caldaro,dcaldaro9j@bbb.org,05-08-22,12
345,Ingemar,MacTerrelly,imacterrelly9k@digg.com,04-04-23,94
346,Andres,Durno,adurno9l@hatena.ne.jp,11-01-23,79
347,Homer,McGee,hmcgee9m@infoseek.co.jp,18-07-22,43
348,Herc,Presser,hpresser9n@yelp.com,09-09-22,9
349,Rhoda,Hemphill,rhemphill9o@bigcartel.com,16-12-20,46
350,Brockie,Gratten,bgratten9p@wunderground.com,06-06-22,43
351,Arlana,Pinson,apinson9q@last.fm,11-12-22,18
352,Laird,Trebbett,ltrebbett9r@ft.com,13-10-22,44
353,Leena,Dohr,ldohr9s@google.nl,16-06-22,8
354,Kiersten,Ludlem,kludlem9t@ucoz.ru,15-10-22,94
355,Debera,Kerwin,dkerwin9u@census.gov,03-02-21,32
356,Simonne,Yurlov,syurlov9v@nhs.uk,18-12-21,72
357,Flore,Bellefonte,fbellefonte9w@networkadvertising.org,09-05-22,80
358,Sydney,Boffin,sboffin9x@hibu.com,14-09-22,51
359,Kiele,Harty,kharty9y@amazonaws.com,25-07-22,52
360,Hannah,Pole,hpole9z@opera.com,01-03-21,81
361,Evanne,Prangley,eprangleya0@google.com.au,29-10-21,98
362,Jilly,Fernyhough,jfernyhougha1@ask.com,09-12-20,13
363,Brynna,Mapston,bmapstona2@slashdot.org,18-07-21,96
364,Rosa,Pashley,rpashleya3@hostgator.com,25-05-22,99
365,Curry,Mandrier,cmandriera4@youtu.be,01-06-21,55
366,Collen,Pengilly,cpengillya5@springer.com,09-04-22,76
367,Hurley,Riggott,hriggotta6@blogs.com,01-05-21,53
368,Carolan,Stillman,cstillmana7@live.com,29-08-21,71
369,Jarret,Fluger,jflugera8@live.com,08-11-22,31
370,Wilburt,Sanchis,wsanchisa9@boston.com,23-01-21,97
371,Candida,Asker,caskeraa@eepurl.com,30-09-21,28
372,Steven,Clara,sclaraab@oakley.com,19-07-21,35
373,Falkner,Basill,fbasillac@tmall.com,15-01-23,11
374,Ermina,Ortzen,eortzenad@blinklist.com,02-11-22,97
375,Burtie,Dugald,bdugaldae@jimdo.com,25-01-22,24
376,Kalindi,Osgodby,kosgodbyaf@sphinn.com,15-06-21,70
377,Emlyn,Waldocke,ewaldockeag@google.co.jp,27-08-22,87
378,Bendicty,O'Bradain,bobradainah@photobucket.com,05-04-23,54
379,Debra,Wellman,dwellmanai@patch.com,18-07-21,18
380,Oliy,Simenon,osimenonaj@furl.net,14-06-22,98
381,Edlin,Dommersen,edommersenak@homestead.com,20-09-22,56
382,Pearline,Roset,prosetal@pinterest.com,28-06-21,71
383,Olva,Gerge,ogergeam@addthis.com,03-01-22,7
384,Laurie,Crowne,lcrownean@si.edu,27-07-21,43
385,Yehudi,Barrowcliff,ybarrowcliffao@tmall.com,12-03-21,11
386,Johnnie,Hughesdon,jhughesdonap@sourceforge.net,27-06-22,50
387,Else,Farncomb,efarncombaq@wiley.com,18-06-21,61
388,Pennie,Stellman,pstellmanar@edublogs.org,17-12-22,23
389,Felix,McDonand,fmcdonandas@mozilla.org,04-03-21,97
390,Ada,Cristofaro,acristofaroat@nasa.gov,21-01-21,29
391,Johnathon,Wabersich,jwabersichau@dropbox.com,25-12-22,59
392,Chiquia,Neggrini,cneggriniav@lulu.com,26-04-23,73
393,Haydon,Bartot,hbartotaw@fastcompany.com,06-07-21,21
394,Bearnard,Watkiss,bwatkissax@e-recht24.de,06-11-20,3
395,Robbie,Maccaddie,rmaccaddieay@gravatar.com,06-06-21,73
396,Gerianna,Shoubridge,gshoubridgeaz@parallels.com,27-12-20,31
397,Rafaellle,Michal,rmichalb0@princeton.edu,14-07-21,53
398,Armando,Reame,areameb1@mozilla.com,13-12-20,10
399,Park,Rainon,prainonb2@ovh.net,20-08-21,18
400,Marie-ann,Spradbrow,mspradbrowb3@japanpost.jp,01-05-22,2
401,Dare,Baus,dbausb4@blinklist.com,18-10-22,13
402,Ado,McRitchie,amcritchieb5@desdev.cn,04-02-22,44
403,Winthrop,Nobes,wnobesb6@illinois.edu,01-04-22,65
404,Doralynne,Tourle,dtourleb7@shutterfly.com,24-11-22,18
405,Neall,Pymar,npymarb8@engadget.com,22-02-23,63
406,Janith,Mattaser,jmattaserb9@pinterest.com,24-05-21,25
407,Irvin,Balentyne,ibalentyneba@chron.com,03-12-21,31
408,Vivianne,Boxen,vboxenbb@hugedomains.com,21-06-21,69
409,Genevieve,Grew,ggrewbc@sphinn.com,31-05-21,86
410,Leann,Schwant,lschwantbd@feedburner.com,17-12-21,41
411,Connor,Lidgertwood,clidgertwoodbe@xing.com,03-06-22,18
412,Rina,Wraighte,rwraightebf@hhs.gov,10-08-21,82
413,Clare,Petriello,cpetriellobg@yahoo.co.jp,14-10-22,60
414,Clywd,Heazel,cheazelbh@usa.gov,23-07-21,25
415,Alejandro,Leivesley,aleivesleybi@prlog.org,21-02-23,76
416,Valida,Grossier,vgrossierbj@bbb.org,09-11-20,2
417,Wait,Billison,wbillisonbk@washingtonpost.com,25-03-23,95
418,Tammara,Benzing,tbenzingbl@yahoo.com,05-01-21,51
419,Giuditta,Downey,gdowneybm@dailymotion.com,26-12-21,54
420,Malinda,Virgo,mvirgobn@liveinternet.ru,16-01-21,2
421,Babbie,Kuhnert,bkuhnertbo@whitehouse.gov,04-12-22,2
422,Alexei,Ilyas,ailyasbp@home.pl,30-07-22,16
423,Wilma,Bastide,wbastidebq@sogou.com,16-04-22,17
424,Philip,Springle,pspringlebr@artisteer.com,23-12-21,37
425,Fremont,Legendre,flegendrebs@goo.ne.jp,31-05-21,29
426,Riley,Mawman,rmawmanbt@godaddy.com,06-08-21,53
427,Alexina,Fulbrook,afulbrookbu@php.net,08-10-21,7
428,Rozina,Victor,rvictorbv@comsenz.com,19-06-22,95
429,Lauree,Louche,llouchebw@domainmarket.com,09-06-22,62
430,Claudie,Robjant,crobjantbx@amazon.co.jp,11-04-23,77
431,Gare,O'Hdirscoll,gohdirscollby@cdc.gov,03-07-21,15
432,Jolynn,Ochterlonie,jochterloniebz@blinklist.com,06-10-22,78
433,Abbey,Parysiak,aparysiakc0@disqus.com,28-02-23,35
434,Gretal,Aldwinckle,galdwincklec1@hostgator.com,22-01-22,93
435,Camilla,Dymock,cdymockc2@free.fr,13-07-22,48
436,Aleda,Gibbard,agibbardc3@nih.gov,02-05-22,73
437,Sibbie,Pedersen,spedersenc4@oakley.com,16-05-21,66
438,Martie,Duff,mduffc5@pagesperso-orange.fr,23-02-22,18
439,Twila,Begley,tbegleyc6@bbc.co.uk,20-10-21,15
440,Danila,Scartifield,dscartifieldc7@google.es,10-04-22,55
441,Tedd,Caine,tcainec8@umn.edu,12-09-22,47
442,Corilla,Climo,cclimoc9@youtube.com,30-01-21,72
443,Jackie,Edginton,jedgintonca@seesaa.net,03-11-20,65
444,Collie,Blinkhorn,cblinkhorncb@bizjournals.com,29-12-22,93
445,Georgetta,Hansom,ghansomcc@mysql.com,21-03-23,93
446,Trenton,Dusting,tdustingcd@furl.net,02-04-22,17
447,Annadiana,Breffitt,abreffittce@baidu.com,03-01-23,1
448,Vincents,Fibbens,vfibbenscf@ehow.com,24-03-21,23
449,Devora,Hincham,dhinchamcg@slideshare.net,14-10-21,7
450,Cozmo,Shinton,cshintonch@yahoo.com,18-02-22,75
451,Heidi,Bennedick,hbennedickci@people.com.cn,26-01-22,9
452,Catriona,Rodrig,crodrigcj@nationalgeographic.com,04-02-22,94
453,Munmro,Pardon,mpardonck@ted.com,11-09-22,7
454,Liesa,Janikowski,ljanikowskicl@newyorker.com,03-12-22,27
455,Reagan,Rodliff,rrodliffcm@pcworld.com,04-03-21,9
456,Gwen,Bartoleyn,gbartoleyncn@fema.gov,27-11-21,19
457,Dougy,Bachelor,dbachelorco@latimes.com,26-12-22,51
458,Eada,Starton,estartoncp@behance.net,18-05-22,86
459,Annalee,Lampert,alampertcq@indiegogo.com,17-12-22,88
460,Kim,Nern,knerncr@woothemes.com,21-10-22,81
461,Frederik,Rohlf,frohlfcs@ted.com,29-12-21,60
462,Maryanne,Bambery,mbamberyct@ning.com,22-01-21,24
463,Raoul,Baildon,rbaildoncu@skyrock.com,29-07-21,16
464,Mahalia,Mangon,mmangoncv@oaic.gov.au,30-07-21,72
465,Querida,Biddell,qbiddellcw@amazonaws.com,06-12-20,2
466,Guillema,Deppe,gdeppecx@miibeian.gov.cn,17-03-21,8
467,Tanya,Sporton,tsportoncy@hp.com,24-02-21,91
468,Larisa,Else,lelsecz@bloomberg.com,17-03-23,41
469,Beck,Northedge,bnorthedged0@cargocollective.com,12-04-21,15
470,Starr,MacFall,smacfalld1@slideshare.net,08-02-21,87
471,Alvan,Meenan,ameenand2@edublogs.org,03-11-20,56
472,Sharon,O'Heffernan,soheffernand3@mysql.com,17-02-22,48
473,Jarrett,Nilles,jnillesd4@go.com,12-10-22,26
474,Aland,Burress,aburressd5@hao123.com,03-06-22,15
475,Josi,Bullivent,jbulliventd6@globo.com,22-03-23,49
476,Federico,Baskwell,fbaskwelld7@yale.edu,15-05-21,2
477,Larine,Joddins,ljoddinsd8@smh.com.au,07-12-20,76
478,Gleda,Connaughton,gconnaughtond9@stanford.edu,20-05-21,21
479,Willy,Gaul,wgaulda@tamu.edu,04-12-20,70
480,Nichole,Auden,naudendb@i2i.jp,27-07-22,63
481,Mame,Gilchriest,mgilchriestdc@technorati.com,18-03-22,47
482,Debbi,Stiegers,dstiegersdd@foxnews.com,02-03-23,18
483,Rufe,Creggan,rcreggande@apache.org,23-03-22,74
484,Rutger,Monte,rmontedf@tinypic.com,14-10-21,10
485,Maurie,Osman,mosmandg@skype.com,14-03-21,94
486,Les,Boone,lboonedh@dyndns.org,23-07-21,71
487,Siusan,Gisborne,sgisbornedi@theglobeandmail.com,01-01-23,60
488,Rosamond,Rengger,rrenggerdj@economist.com,11-07-21,19
489,Kalina,Benes,kbenesdk@samsung.com,02-12-20,40
490,Aubrey,Meigh,ameighdl@newsvine.com,01-05-22,16
491,Omar,Seebert,oseebertdm@bloglovin.com,10-01-22,40
492,Trevar,Middle,tmiddledn@cargocollective.com,22-12-20,90
493,Egan,Briddock,ebriddockdo@woothemes.com,06-06-21,95
494,Duffie,Kille,dkilledp@chron.com,26-01-22,94
495,Corena,Scorthorne,cscorthornedq@umich.edu,19-10-21,57
496,Dulcie,Knolles-Green,dknollesgreendr@admin.ch,12-03-21,80
497,Michaeline,Gareisr,mgareisrds@themeforest.net,08-01-22,89
498,Ulrike,Bartot,ubartotdt@delicious.com,30-03-21,23
499,Birgitta,MacCroary,bmaccroarydu@sciencedirect.com,01-12-22,34
500,Gus,Donnel,gdonneldv@google.nl,07-04-23,20
501,Alexa,Gurys,agurysdw@e-recht24.de,30-01-21,87
502,Helli,Founds,hfoundsdx@seesaa.net,09-02-21,98
503,Virginie,McNee,vmcneedy@statcounter.com,31-10-22,58
504,Jannel,Peskett,jpeskettdz@wsj.com,26-10-22,7
505,Amelina,Bendare,abendaree0@desdev.cn,08-02-23,46
506,Clement,Mennell,cmennelle1@digg.com,20-05-22,75
507,Luca,Croxley,lcroxleye2@newsvine.com,25-11-20,55
508,Dennis,Cordaroy,dcordaroye3@cbc.ca,09-03-21,80
509,Chelsie,Brabban,cbrabbane4@baidu.com,16-11-21,72
510,George,Maudlen,gmaudlene5@youtu.be,05-03-23,4
511,Kara,Rohfsen,krohfsene6@imdb.com,24-02-22,76
512,Jerrine,Aldred,jaldrede7@tumblr.com,01-02-22,86
513,Baxter,Enriquez,benriqueze8@dion.ne.jp,06-07-22,16
514,Sheri,Poad,spoade9@dagondesign.com,29-01-23,8
515,Romain,Dietsche,rdietscheea@jigsy.com,11-04-22,99
516,Shauna,Huffa,shuffaeb@yahoo.com,20-04-21,5
517,Lea,MacGauhy,lmacgauhyec@360.cn,01-12-21,39
518,Janos,Windus,jwindused@ted.com,25-05-22,94
519,Blair,Ditter,bditteree@cdbaby.com,16-12-22,64
520,Torey,Somerset,tsomersetef@tumblr.com,14-07-21,16
521,Johann,Dawdry,jdawdryeg@google.cn,08-05-22,46
522,Rutter,Fairs,rfairseh@loc.gov,07-12-21,52
523,Hymie,Vowell,hvowellei@pen.io,23-12-20,89
524,Georgie,Aykroyd,gaykroydej@cyberchimps.com,19-04-23,17
525,Gwenny,Pointer,gpointerek@ucoz.com,10-04-23,58
526,Giacobo,Shakspeare,gshakspeareel@simplemachines.org,24-12-22,68
527,Tersina,Romain,tromainem@bing.com,11-02-23,68
528,Rowan,Snoden,rsnodenen@independent.co.uk,15-06-21,79
529,Marchall,Yaneev,myaneeveo@discovery.com,02-04-21,31
530,Marena,Josilowski,mjosilowskiep@php.net,27-04-22,79
531,Johanna,Corfield,jcorfieldeq@reuters.com,09-08-22,55
532,Inez,Meryett,imeryetter@list-manage.com,29-12-20,34
533,Abey,Terram,aterrames@webs.com,09-10-22,97
534,Ezechiel,Bratten,ebrattenet@prweb.com,02-01-23,84
535,Aurilia,Smetoun,asmetouneu@yellowpages.com,17-04-23,29
536,Rica,Clemmey,rclemmeyev@fda.gov,18-07-21,2
537,Brnaba,Brixham,bbrixhamew@tinypic.com,23-04-22,31
538,Felice,Kordt,fkordtex@lulu.com,04-03-22,75
539,Loretta,Sabbin,lsabbiney@prweb.com,08-10-21,69
540,Trudy,Pelerin,tpelerinez@xrea.com,22-12-21,39
541,Idell,Witherow,iwitherowf0@newsvine.com,25-03-23,76
542,Benoite,Canadine,bcanadinef1@ihg.com,10-11-21,98
543,Willow,Tarpey,wtarpeyf2@a8.net,31-12-22,12
544,Letizia,Duncanson,lduncansonf3@dagondesign.com,02-01-21,53
545,Vivian,Ondrak,vondrakf4@people.com.cn,06-06-21,93
546,Lin,Chansonne,lchansonnef5@instagram.com,28-06-22,32
547,Matias,Oddboy,moddboyf6@statcounter.com,15-01-21,4
548,Bron,Dudhill,bdudhillf7@domainmarket.com,22-12-20,76
549,Clevey,Savil,csavilf8@unicef.org,05-12-22,77
550,Kimmi,Grigoli,kgrigolif9@tinypic.com,26-07-22,98
551,Adelle,Levane,alevanefa@elpais.com,11-12-22,50
552,Rance,Cheake,rcheakefb@microsoft.com,12-08-22,65
553,Fabien,Jaquin,fjaquinfc@ca.gov,05-12-21,80
554,Armando,Yarnell,ayarnellfd@technorati.com,27-07-22,37
555,Mathew,Risebrow,mrisebrowfe@ft.com,24-06-21,31
556,Hyacinthie,Flann,hflannff@g.co,02-04-21,84
557,Reina,Flode,rflodefg@rambler.ru,25-08-22,16
558,Wilmer,Delaprelle,wdelaprellefh@nationalgeographic.com,27-09-22,40
559,Desiree,Slyvester,dslyvesterfi@yahoo.com,15-03-22,61
560,Gifford,Swallow,gswallowfj@cmu.edu,13-01-23,70
561,Uriel,Coltman,ucoltmanfk@smugmug.com,03-10-22,9
562,Clair,Snell,csnellfl@github.io,19-06-22,23
563,Keslie,Spykings,kspykingsfm@unc.edu,24-01-22,98
564,Seumas,Kendal,skendalfn@google.com,21-09-22,93
565,Doro,Kleinerman,dkleinermanfo@msu.edu,09-11-21,82
566,Staford,Shoebottom,sshoebottomfp@nymag.com,17-04-22,98
567,Darnall,Blackman,dblackmanfq@reference.com,07-08-22,98
568,Vivyan,McLagan,vmclaganfr@feedburner.com,18-07-21,34
569,Elianora,Skynner,eskynnerfs@flavors.me,06-06-22,77
570,Anet,Wilsher,awilsherft@nymag.com,23-05-21,93
571,Hobey,Carrabott,hcarrabottfu@state.gov,23-02-21,36
572,Caitlin,Morley,cmorleyfv@umn.edu,24-02-21,39
573,Cecil,Epdell,cepdellfw@usa.gov,21-04-21,76
574,Jobie,Keme,jkemefx@addthis.com,01-09-22,54
575,Madelena,Lewens,mlewensfy@nsw.gov.au,10-06-22,22
576,Isidor,Houlworth,ihoulworthfz@latimes.com,31-10-22,84
577,Marshal,Legge,mleggeg0@163.com,15-12-20,13
578,Micky,Murr,mmurrg1@sbwire.com,11-02-21,1
579,Kassie,Clay,kclayg2@nih.gov,21-10-21,59
580,Jennee,Louedey,jlouedeyg3@nymag.com,04-01-21,10
581,Lucho,Simonelli,lsimonellig4@deviantart.com,05-08-22,77
582,Vonny,La Grange,vlagrangeg5@cyberchimps.com,29-12-22,29
583,Vince,Baggarley,vbaggarleyg6@sina.com.cn,06-08-22,98
584,Bellanca,Eva,bevag7@rambler.ru,10-10-22,43
585,Calla,Van de Castele,cvandecasteleg8@naver.com,22-11-21,7
586,Alley,Golder,agolderg9@earthlink.net,31-10-22,39
587,Zorana,Duferie,zduferiega@economist.com,01-12-20,44
588,Inglis,Rodgerson,irodgersongb@yolasite.com,01-01-21,97
589,Madelina,Guerra,mguerragc@wordpress.org,20-05-21,48
590,Rustie,Roja,rrojagd@usnews.com,05-11-21,13
591,Malinde,Riddick,mriddickge@freewebs.com,09-05-21,2
592,Theobald,Clampett,tclampettgf@jigsy.com,29-01-21,14
593,Cora,Noquet,cnoquetgg@huffingtonpost.com,23-12-21,10
594,Emilio,Gonnet,egonnetgh@craigslist.org,09-03-22,6
595,Tonie,Musgrave,tmusgravegi@hhs.gov,25-04-21,14
596,Willie,Dakers,wdakersgj@cargocollective.com,11-12-20,54
597,Michelle,Goshawk,mgoshawkgk@paginegialle.it,29-09-21,63
598,Madella,Dunsleve,mdunslevegl@webmd.com,17-05-22,52
599,Sybila,Lambird,slambirdgm@last.fm,29-12-20,65
600,Babb,Darlasson,bdarlassongn@artisteer.com,26-12-22,2
601,Engelbert,M'Quharg,emquharggo@comcast.net,08-12-20,59
602,Shandra,Mil,smilgp@wordpress.org,02-10-22,14
603,Towney,Spore,tsporegq@typepad.com,28-05-22,69
604,Tani,McKue,tmckuegr@soup.io,16-05-22,61
605,Christye,Hutcheon,chutcheongs@alexa.com,21-08-22,16
606,Kingsly,Woakes,kwoakesgt@drupal.org,09-11-22,69
607,Danita,Baxter,dbaxtergu@biblegateway.com,04-01-21,77
608,Jocelin,Van Son,jvansongv@whitehouse.gov,21-07-21,74
609,Katie,Tembridge,ktembridgegw@nasa.gov,13-11-21,95
610,Chadwick,Hugland,chuglandgx@people.com.cn,24-01-23,70
611,Tabbie,Espina,tespinagy@cbsnews.com,13-01-23,38
612,Melba,Kibblewhite,mkibblewhitegz@epa.gov,09-10-22,76
613,Nikita,Lifton,nliftonh0@paginegialle.it,03-08-21,62
614,Cesaro,Axby,caxbyh1@msn.com,27-03-23,84
615,Wenona,Kilvington,wkilvingtonh2@illinois.edu,10-12-22,53
616,Doy,Bendix,dbendixh3@skype.com,08-02-21,68
617,Maegan,Schleicher,mschleicherh4@privacy.gov.au,01-02-22,49
618,Gale,Simao,gsimaoh5@usnews.com,25-04-23,67
619,Ema,Lillegard,elillegardh6@stumbleupon.com,04-12-20,48
620,Rainer,Sheridan,rsheridanh7@narod.ru,20-02-21,57
621,Gilberta,Curley,gcurleyh8@bluehost.com,12-03-22,49
622,Jacquetta,O'Ruane,joruaneh9@rambler.ru,19-03-23,67
623,Lynde,Beckford,lbeckfordha@uol.com.br,28-05-22,78
624,Alfy,Crellim,acrellimhb@goodreads.com,23-03-21,4
625,Boote,Oats,boatshc@quantcast.com,28-01-22,69
626,Kally,Pairpoint,kpairpointhd@deliciousdays.com,23-05-22,31
627,Shandy,Chadwick,schadwickhe@google.com.au,05-05-22,69
628,Ingrim,Beacham,ibeachamhf@ucla.edu,14-11-20,69
629,Quinlan,Heighway,qheighwayhg@oaic.gov.au,29-09-21,58
630,Lorettalorna,Godlip,lgodliphh@ebay.com,19-06-21,35
631,Brig,Hambelton,bhambeltonhi@archive.org,06-02-22,54
632,Liza,Keppie,lkeppiehj@flavors.me,09-09-22,58
633,Zacherie,Wickey,zwickeyhk@comsenz.com,05-08-21,85
634,Zandra,Brass,zbrasshl@wikispaces.com,28-11-20,80
635,Dela,Blamey,dblameyhm@jimdo.com,16-02-21,95
636,Antonin,Bauer,abauerhn@theguardian.com,21-06-21,71
637,Harold,Kase,hkaseho@php.net,28-03-22,89
638,Vernor,Alekseicik,valekseicikhp@jiathis.com,21-03-21,44
639,North,O'Donnelly,nodonnellyhq@mashable.com,30-04-23,93
640,Tom,Jakes,tjakeshr@opera.com,08-02-23,52
641,Martica,Rimmington,mrimmingtonhs@multiply.com,20-02-22,65
642,Antone,Polk,apolkht@pcworld.com,04-05-22,32
643,Finlay,Kampshell,fkampshellhu@infoseek.co.jp,30-01-23,98
644,Wynne,Haestier,whaestierhv@cargocollective.com,26-02-22,11
645,Estel,Hardesty,ehardestyhw@omniture.com,08-06-22,93
646,Jess,Shevlane,jshevlanehx@cpanel.net,06-02-22,3
647,Wheeler,Gotecliffe,wgotecliffehy@yolasite.com,12-10-22,56
648,Jeannine,Hayford,jhayfordhz@ox.ac.uk,29-10-22,53
649,Marrilee,Attwooll,mattwoolli0@theatlantic.com,01-11-20,64
650,Pip,Gabriely,pgabrielyi1@ovh.net,26-07-21,25
651,Alys,Batte,abattei2@bbb.org,23-06-21,52
652,Jeanelle,Hoofe,jhoofei3@reddit.com,10-07-21,19
653,Raffaello,Holdey,rholdeyi4@theglobeandmail.com,18-05-22,57
654,Craggy,Grinham,cgrinhami5@fda.gov,12-10-22,36
655,Koo,McMenemy,kmcmenemyi6@nydailynews.com,04-01-21,31
656,Concettina,Armatage,carmatagei7@jalbum.net,12-07-22,54
657,Aleda,Titford,atitfordi8@ezinearticles.com,15-09-21,94
658,Karlens,Langsdon,klangsdoni9@ask.com,14-01-21,64
659,Moises,Flanner,mflanneria@illinois.edu,18-09-21,14
660,Mayer,Langridge,mlangridgeib@live.com,24-08-21,68
661,Stirling,Kingswood,skingswoodic@japanpost.jp,15-09-22,85
662,Sapphira,Bedboro,sbedboroid@printfriendly.com,03-11-21,64
663,Dosi,Leavey,dleaveyie@e-recht24.de,02-06-21,40
664,Bernetta,Melendez,bmelendezif@ucsd.edu,23-12-21,69
665,Debor,Jahan,djahanig@bbb.org,14-07-21,12
666,Frasco,Pettet,fpettetih@hatena.ne.jp,25-04-23,59
667,Alphonse,Gummie,agummieii@ed.gov,31-07-21,88
668,Chip,Sopp,csoppij@list-manage.com,21-01-22,49
669,Kira,Spadelli,kspadelliik@wisc.edu,04-11-21,93
670,Mahala,Dodsworth,mdodsworthil@com.com,04-01-23,97
671,Deena,Currao,dcurraoim@slate.com,12-01-23,23
672,Bert,Trubshaw,btrubshawin@army.mil,08-02-21,43
673,Revkah,Canner,rcannerio@shutterfly.com,15-05-21,89
674,Britte,Sore,bsoreip@wsj.com,13-02-22,50
675,Parry,Macklin,pmackliniq@globo.com,11-04-21,91
676,Norris,Sweetmore,nsweetmoreir@businessinsider.com,08-05-22,26
677,Pen,Ransom,pransomis@topsy.com,07-04-22,90
678,Monroe,Titlow,mtitlowit@cafepress.com,20-03-22,20
679,Adan,Kubelka,akubelkaiu@umn.edu,24-10-22,42
680,Bevin,Renzo,brenzoiv@woothemes.com,17-12-20,54
681,Reeba,De Simoni,rdesimoniiw@biblegateway.com,22-02-22,13
682,Belinda,Heard,bheardix@wufoo.com,14-02-23,4
683,Pen,Duckinfield,pduckinfieldiy@freewebs.com,03-08-22,90
684,Virgie,Rewan,vrewaniz@smh.com.au,02-03-21,56
685,Kyla,Corish,kcorishj0@stanford.edu,06-01-23,98
686,Chauncey,Poppy,cpoppyj1@psu.edu,17-12-21,1
687,Broddie,Rootes,brootesj2@businesswire.com,13-02-23,33
688,Swen,Bernardini,sbernardinij3@netvibes.com,05-11-20,40
689,James,Hancox,jhancoxj4@epa.gov,17-02-22,20
690,Perice,Crathorne,pcrathornej5@1688.com,05-01-22,68
691,Jesus,Vinck,jvinckj6@about.me,22-11-22,66
692,Sayre,Gaze,sgazej7@phpbb.com,23-03-23,98
693,Caprice,Jimmison,cjimmisonj8@tiny.cc,31-07-22,93
694,Filia,Martindale,fmartindalej9@stumbleupon.com,05-05-21,92
695,West,Sporle,wsporleja@google.es,25-03-22,99
696,Calypso,Roycraft,croycraftjb@wikipedia.org,14-04-22,44
697,Christabella,Hair,chairjc@ucsd.edu,10-02-22,48
698,Calhoun,Hazard,chazardjd@sphinn.com,22-01-21,30
699,Howie,McGow,hmcgowje@tinypic.com,26-09-21,7
700,Ted,Rowly,trowlyjf@marriott.com,03-04-21,48
701,Hana,Rudkin,hrudkinjg@ebay.co.uk,25-01-22,29
702,Derward,Lainge,dlaingejh@latimes.com,30-09-21,48
703,Victoir,Ellacombe,vellacombeji@skyrock.com,27-06-21,35
704,Kippie,Mocker,kmockerjj@cbc.ca,01-06-22,21
705,Rubina,Mohan,rmohanjk@squidoo.com,10-07-22,37
706,Parnell,Bridal,pbridaljl@constantcontact.com,08-10-22,71
707,Marylee,Moulsdale,mmoulsdalejm@senate.gov,06-09-22,51
708,Maury,Kleinplac,mkleinplacjn@zimbio.com,28-11-20,22
709,Davon,Forryan,dforryanjo@state.tx.us,14-11-20,98
710,Travis,Aloshkin,taloshkinjp@vimeo.com,26-12-22,23
711,Caprice,Upward,cupwardjq@google.com.hk,31-01-21,44
712,Wiatt,Strick,wstrickjr@cafepress.com,30-03-23,37
713,Godfry,Mandre,gmandrejs@list-manage.com,21-03-21,63
714,Minette,Borne,mbornejt@wordpress.com,24-09-22,97
715,Fae,Fidelli,ffidelliju@artisteer.com,24-12-20,14
716,Herculie,Withrop,hwithropjv@ycombinator.com,21-11-20,47
717,Claude,Chichgar,cchichgarjw@yale.edu,19-08-22,75
718,Nicol,Jakolevitch,njakolevitchjx@microsoft.com,13-04-21,83
719,Hermione,Tomasi,htomasijy@un.org,10-02-21,91
720,Herc,Toffolo,htoffolojz@list-manage.com,31-01-23,5
721,Christian,Crowdson,ccrowdsonk0@youtu.be,08-07-21,89
722,Theodosia,MacDougall,tmacdougallk1@51.la,16-01-23,83
723,Lauralee,Jickles,ljicklesk2@bbb.org,20-04-23,23
724,Zedekiah,Murrhardt,zmurrhardtk3@narod.ru,27-02-22,70
725,Alejoa,Cosser,acosserk4@salon.com,15-06-22,39
726,Huey,Tourle,htourlek5@mit.edu,13-05-22,12
727,Dalton,Salan,dsalank6@123-reg.co.uk,02-05-22,5
728,Aretha,Jerram,ajerramk7@icio.us,15-11-20,62
729,Sandra,Malia,smaliak8@so-net.ne.jp,28-07-22,73
730,Drucy,Jost,djostk9@plala.or.jp,17-01-21,87
731,Louise,Morbey,lmorbeyka@microsoft.com,19-04-21,100
732,Jerome,Andrzejak,jandrzejakkb@simplemachines.org,10-06-22,10
733,Adena,Ullyott,aullyottkc@tinypic.com,20-01-21,41
734,Tobe,Gallie,tgalliekd@elegantthemes.com,23-03-22,37
735,Glynn,McDowall,gmcdowallke@house.gov,22-12-20,69
736,Salomone,Salvage,ssalvagekf@ebay.com,01-02-21,52
737,Nap,Aldous,naldouskg@networksolutions.com,20-09-21,87
738,Mahmoud,Lafay,mlafaykh@alexa.com,04-12-22,96
739,Jake,Ettels,jettelski@nhs.uk,19-12-20,46
740,Viviene,Quested,vquestedkj@hexun.com,19-04-21,90
741,Budd,Robb,brobbkk@naver.com,14-04-21,87
742,Clem,Govan,cgovankl@virginia.edu,07-05-22,94
743,Agace,Turle,aturlekm@ocn.ne.jp,06-02-23,55
744,Ilysa,Humes,ihumeskn@ovh.net,22-09-21,86
745,Blondy,Gant,bgantko@people.com.cn,08-07-22,72
746,Cecilia,Hentzeler,chentzelerkp@mit.edu,08-07-21,82
747,Brandtr,Linster,blinsterkq@free.fr,02-05-21,17
748,Rahal,Dallmann,rdallmannkr@bbb.org,02-11-20,87
749,Colman,Landsborough,clandsboroughks@cocolog-nifty.com,23-08-22,19
750,Randall,Spellacy,rspellacykt@indiatimes.com,25-11-22,43
751,Hyacintha,Brane,hbraneku@cnbc.com,14-04-23,54
752,Gwenore,Dewfall,gdewfallkv@alexa.com,16-12-22,74
753,Gabriele,Smee,gsmeekw@edublogs.org,10-04-23,5
754,Paolina,Rogerson,progersonkx@hubpages.com,11-12-20,2
755,Arnie,Fratczak,afratczakky@usatoday.com,04-07-21,57
756,Kristien,Dimnage,kdimnagekz@creativecommons.org,17-09-22,5
757,Elie,Woolaston,ewoolastonl0@si.edu,01-09-22,97
758,Rodina,Palfrey,rpalfreyl1@google.com.au,15-07-21,3
759,Norine,Minihan,nminihanl2@woothemes.com,28-11-22,71
760,Griff,Ryott,gryottl3@miitbeian.gov.cn,30-08-21,96
761,Shina,Minchi,sminchil4@hostgator.com,27-10-22,45
762,Alexandra,Derham,aderhaml5@mozilla.org,01-12-20,68
763,Vyky,Crocket,vcrocketl6@epa.gov,17-06-21,65
764,Nertie,Abrahamsen,nabrahamsenl7@spiegel.de,06-12-22,50
765,Tomas,Fathers,tfathersl8@opensource.org,04-02-21,50
766,Javier,Outridge,joutridgel9@psu.edu,28-11-20,41
767,Helge,Purrington,hpurringtonla@census.gov,13-05-21,42
768,Nettie,Klees,nkleeslb@wsj.com,07-03-22,100
769,Elisabetta,Josovich,ejosovichlc@mozilla.com,17-03-23,61
770,Linn,Exall,lexallld@reddit.com,23-11-22,58
771,Horacio,Hessing,hhessingle@symantec.com,09-01-21,30
772,Verile,Newbury,vnewburylf@studiopress.com,08-12-22,17
773,Meryl,Melby,mmelbylg@upenn.edu,05-03-23,23
774,Shadow,Matthews,smatthewslh@deviantart.com,02-08-22,77
775,Ruperta,Ragless,rraglessli@microsoft.com,28-03-21,67
776,Clair,Archbould,carchbouldlj@nyu.edu,04-09-22,55
777,Genni,Warlowe,gwarlowelk@yahoo.com,11-02-21,68
778,Alta,Sustins,asustinsll@ca.gov,26-02-23,20
779,Marcos,Grix,mgrixlm@addthis.com,21-05-21,83
780,Blaire,Bill,bbillln@shutterfly.com,27-08-22,31
781,Butch,Haulkham,bhaulkhamlo@youtu.be,18-11-21,40
782,Stephen,Bartrop,sbartroplp@51.la,25-04-23,88
783,Ileane,Aldrick,ialdricklq@hubpages.com,08-03-21,81
784,Mollie,Whether,mwhetherlr@taobao.com,05-03-22,58
785,Donny,Baffin,dbaffinls@sitemeter.com,27-11-21,67
786,Daphene,Voysey,dvoyseylt@paginegialle.it,19-07-21,31
787,Frederique,Fisbey,ffisbeylu@vimeo.com,03-02-22,54
788,Poul,Dimitrescu,pdimitresculv@soup.io,13-06-22,5
789,Findley,Weeden,fweedenlw@discuz.net,01-07-21,55
790,Cati,Mallion,cmallionlx@addtoany.com,01-09-21,99
791,Bob,Cluet,bcluetly@youku.com,25-06-22,88
792,Gilemette,Pennells,gpennellslz@zimbio.com,12-02-21,18
793,Eleen,Iskow,eiskowm0@deviantart.com,02-01-22,4
794,Laraine,Hindshaw,lhindshawm1@opera.com,11-12-20,15
795,Anny,Holtham,aholthamm2@state.tx.us,10-11-22,71
796,Rosanna,Rowbottom,rrowbottomm3@ustream.tv,21-10-21,85
797,Eloisa,Dane,edanem4@php.net,24-09-21,44
798,Fonzie,Chantler,fchantlerm5@si.edu,20-05-21,20
799,Zilvia,O'Hallihane,zohallihanem6@independent.co.uk,06-07-22,43
800,Kassandra,Watkin,kwatkinm7@creativecommons.org,08-07-21,32
801,Filmer,Andreuzzi,fandreuzzim8@hugedomains.com,07-11-21,90
802,Orelle,Conway,oconwaym9@google.pl,24-05-21,41
803,Lazar,Farlham,lfarlhamma@ca.gov,17-05-22,20
804,Celisse,Pressey,cpresseymb@who.int,12-09-22,43
805,Natassia,Sparkwell,nsparkwellmc@imdb.com,24-04-21,6
806,Durand,Tetla,dtetlamd@freewebs.com,12-01-21,66
807,Chlo,Wakenshaw,cwakenshawme@booking.com,25-01-22,89
808,Kale,Vinter,kvintermf@seesaa.net,24-07-21,26
809,Tana,Leroy,tleroymg@jigsy.com,15-02-23,100
810,Allie,Kaasmann,akaasmannmh@wikia.com,11-03-21,28
811,Sutherland,Kayser,skaysermi@constantcontact.com,01-11-21,19
812,Margaret,Bandiera,mbandieramj@studiopress.com,25-07-22,97
813,Ariadne,Almeida,aalmeidamk@free.fr,16-06-22,83
814,Ronna,Drewe,rdreweml@chron.com,27-11-20,64
815,Haywood,Leuren,hleurenmm@ocn.ne.jp,01-05-21,89
816,Percival,Blenkinsopp,pblenkinsoppmn@pen.io,26-04-21,15
817,Grace,Thomann,gthomannmo@kickstarter.com,22-03-23,48
818,Wiley,Towey,wtoweymp@bbc.co.uk,13-02-22,26
819,Sigismundo,Battany,sbattanymq@tripod.com,24-04-22,74
820,Danny,Aymeric,daymericmr@is.gd,03-04-21,77
821,Jessalin,Peirson,jpeirsonms@flavors.me,10-11-20,25
822,Fonz,Meenan,fmeenanmt@nps.gov,01-01-21,24
823,Cob,Vankeev,cvankeevmu@gravatar.com,23-01-23,8
824,Vonnie,Runchman,vrunchmanmv@hibu.com,25-03-23,29
825,Haroun,Upjohn,hupjohnmw@yale.edu,01-05-22,96
826,Jeramey,Batty,jbattymx@tinypic.com,16-10-21,16
827,Jeddy,Greengrass,jgreengrassmy@jiathis.com,04-12-21,53
828,Leah,Eslemont,leslemontmz@1688.com,15-05-21,18
829,Johan,Cavill,jcavilln0@parallels.com,20-12-21,45
830,Conny,Chellenham,cchellenhamn1@php.net,12-03-21,79
831,Bellina,Synnot,bsynnotn2@twitpic.com,01-07-22,97
832,Levin,Rowston,lrowstonn3@loc.gov,19-09-22,88
833,Wally,St. Queintain,wstqueintainn4@sciencedirect.com,25-03-21,12
834,Aube,Iohananof,aiohananofn5@yale.edu,26-07-21,55
835,Shani,Mouton,smoutonn6@blogs.com,05-04-23,19
836,Minnnie,Fallis,mfallisn7@mediafire.com,11-01-23,91
837,Karyl,Lambrechts,klambrechtsn8@dropbox.com,01-05-21,81
838,Sancho,Mulcaster,smulcastern9@biblegateway.com,23-11-20,96
839,Bride,Redit,breditna@marriott.com,18-10-22,27
840,Gare,Snodin,gsnodinnb@ask.com,25-06-22,85
841,Melessa,Underwood,munderwoodnc@liveinternet.ru,24-04-23,84
842,Shanna,Ody,sodynd@ucsd.edu,08-05-22,41
843,Tull,Goucher,tgoucherne@gravatar.com,12-08-22,29
844,Antonetta,Duchesne,aduchesnenf@angelfire.com,30-03-23,51
845,Fields,Squirrel,fsquirrelng@google.co.uk,08-03-21,72
846,Andrea,Kernan,akernannh@shop-pro.jp,20-05-21,68
847,Ingmar,Rangell,irangellni@wordpress.org,12-02-22,23
848,Priscella,Mamwell,pmamwellnj@tinypic.com,10-04-23,75
849,Lina,Donaldson,ldonaldsonnk@state.tx.us,04-04-21,59
850,Bastien,Hancorn,bhancornnl@aol.com,21-05-22,14
851,Garth,Flannigan,gflannigannm@google.com.au,27-05-21,65
852,Elvera,Cripwell,ecripwellnn@eventbrite.com,01-08-22,77
853,Ban,Van't Hoff,bvanthoffno@home.pl,23-07-22,54
854,Kirsti,Blenkin,kblenkinnp@dedecms.com,05-08-21,23
855,Tonnie,Cummungs,tcummungsnq@skyrock.com,27-02-23,90
856,Lauritz,McGeady,lmcgeadynr@sohu.com,17-12-21,23
857,Arabelle,Grenfell,agrenfellns@apple.com,10-09-21,68
858,Tiena,Fernley,tfernleynt@geocities.jp,24-10-21,21
859,Lyndsey,Buzine,lbuzinenu@oracle.com,19-12-20,81
860,Ofelia,Banner,obannernv@yellowpages.com,05-03-22,10
861,Millisent,Andrewartha,mandrewarthanw@canalblog.com,16-10-21,98
862,Tobit,Smaile,tsmailenx@twitter.com,30-05-21,2
863,Chrissie,Richemond,crichemondny@last.fm,04-02-21,92
864,Ewan,Spur,espurnz@newyorker.com,04-02-23,55
865,Jessica,Prestage,jprestageo0@census.gov,12-03-23,49
866,Everett,Cosford,ecosfordo1@myspace.com,20-09-22,26
867,Kacey,Hannaway,khannawayo2@webs.com,14-04-21,95
868,Jamie,Waterman,jwatermano3@dedecms.com,29-04-23,27
869,Emmit,Bertholin,ebertholino4@arizona.edu,05-02-23,65
870,Talyah,Knell,tknello5@examiner.com,23-03-23,29
871,Lorrie,Crellin,lcrellino6@wisc.edu,21-05-21,19
872,Corabella,Wyer,cwyero7@e-recht24.de,19-11-22,19
873,Nikki,Dockrell,ndockrello8@sourceforge.net,09-03-23,99
874,Isador,Zimek,izimeko9@tripod.com,21-06-21,42
875,Vyky,Carlsen,vcarlsenoa@salon.com,10-10-22,25
876,Berky,ducarme,bducarmeob@paginegialle.it,09-08-21,33
877,Berkly,Rowland,browlandoc@hibu.com,12-12-20,78
878,Anderea,Guillford,aguillfordod@msu.edu,15-04-21,72
879,Hewie,Lowsely,hlowselyoe@chron.com,23-11-22,79
880,Stewart,Cowton,scowtonof@omniture.com,30-12-22,53
881,Lula,Ride,lrideog@tuttocitta.it,05-08-22,81
882,Gwennie,Creswell,gcreswelloh@issuu.com,07-11-21,15
883,Nathan,Legerton,nlegertonoi@google.ru,29-09-22,78
884,Lonnard,Crutcher,lcrutcheroj@salon.com,04-01-22,73
885,Nathanael,Ratledge,nratledgeok@about.com,15-11-22,11
886,Lovell,Brauner,lbraunerol@jalbum.net,20-02-22,32
887,Ardyce,McGauhy,amcgauhyom@quantcast.com,19-10-22,31
888,Kellby,Jedrzejczyk,kjedrzejczykon@issuu.com,26-12-22,49
889,Jacenta,Mannakee,jmannakeeoo@virginia.edu,25-08-21,87
890,Sid,Hambridge,shambridgeop@ft.com,29-12-20,3
891,Douglas,Oxley,doxleyoq@wikispaces.com,10-07-21,23
892,Odelinda,Quantrell,oquantrellor@cargocollective.com,22-07-22,90
893,Petronilla,Milverton,pmilvertonos@gmpg.org,24-10-22,66
894,Mylo,Sodory,msodoryot@go.com,03-12-21,4
895,Garrot,Stokes,gstokesou@rakuten.co.jp,28-11-20,24
896,Janifer,Cornilli,jcornilliov@goo.ne.jp,24-12-21,56
897,Mallory,Cathrall,mcathrallow@umn.edu,30-03-23,3
898,Roddy,Ingliby,ringlibyox@dailymail.co.uk,30-06-22,66
899,Ambrosius,Tregale,atregaleoy@tinyurl.com,31-03-21,3
900,Nada,Lapides,nlapidesoz@opera.com,25-09-21,73
901,Towney,Ragsdall,tragsdallp0@list-manage.com,28-07-21,48
902,Kristin,Klessmann,kklessmannp1@naver.com,28-09-21,81
903,Viole,Woliter,vwoliterp2@mashable.com,08-04-23,30
904,Anthony,Feldheim,afeldheimp3@twitter.com,18-05-22,29
905,Leo,Burkhill,lburkhillp4@geocities.jp,31-03-21,23
906,Vlad,Dumingos,vdumingosp5@ft.com,23-08-21,91
907,Bonita,Phython,bphythonp6@odnoklassniki.ru,10-10-22,20
908,Jo,Montfort,jmontfortp7@hubpages.com,16-01-23,86
909,Grayce,Barley,gbarleyp8@marketwatch.com,21-04-23,48
910,Tanhya,Nazaret,tnazaretp9@hp.com,29-03-23,33
911,Henka,World,hworldpa@imgur.com,01-01-23,28
912,Xenia,Inskipp,xinskipppb@phoca.cz,30-10-22,21
913,Lori,Bestwick,lbestwickpc@ovh.net,15-12-22,46
914,Papagena,Piddocke,ppiddockepd@businesswire.com,16-12-21,6
915,Andie,Mawne,amawnepe@independent.co.uk,01-08-21,54
916,Clarabelle,Cowlas,ccowlaspf@smugmug.com,21-01-23,19
917,Farley,O'Hannigan,fohanniganpg@stanford.edu,11-07-22,67
918,Raeann,Hischke,rhischkeph@com.com,05-07-21,99
919,Tally,McKim,tmckimpi@diigo.com,20-01-22,15
920,Dougie,Canti,dcantipj@w3.org,17-11-21,14
921,Morris,Alcido,malcidopk@dot.gov,21-04-23,75
922,Zollie,Wroth,zwrothpl@wired.com,20-04-22,54
923,Armand,Harfoot,aharfootpm@1und1.de,08-10-22,21
924,Boycey,Barby,bbarbypn@ask.com,07-05-22,4
925,Gerrard,Feyer,gfeyerpo@mozilla.com,25-01-23,27
926,Lenard,Pybworth,lpybworthpp@bluehost.com,27-08-21,28
927,Clementia,Skilton,cskiltonpq@51.la,07-02-23,18
928,Miquela,Ahlf,mahlfpr@xrea.com,31-07-21,67
929,Abbey,Brosini,abrosinips@uiuc.edu,21-11-20,49
930,Duky,Ettels,dettelspt@baidu.com,25-04-22,6
931,Delano,Dingwall,ddingwallpu@nydailynews.com,30-12-20,92
932,Sherri,Ailward,sailwardpv@state.gov,17-11-20,40
933,Virginie,Fairbridge,vfairbridgepw@samsung.com,02-11-22,51
934,Burl,Dinjes,bdinjespx@mit.edu,04-11-21,18
935,Garey,MacCrossan,gmaccrossanpy@addthis.com,18-10-21,47
936,Eddie,Fishley,efishleypz@fc2.com,27-09-21,67
937,Isidore,Fursey,ifurseyq0@ucla.edu,19-03-23,58
938,Sheilah,Leming,slemingq1@weebly.com,26-03-23,42
939,Yoshi,Rossin,yrossinq2@ucoz.com,26-05-22,8
940,Carline,Silverlock,csilverlockq3@w3.org,30-11-22,73
941,Magdalena,Meenehan,mmeenehanq4@devhub.com,02-09-21,2
942,Augustin,McGiveen,amcgiveenq5@slate.com,27-11-20,34
943,Prue,Dreakin,pdreakinq6@hc360.com,25-11-20,85
944,Chloe,Skelington,cskelingtonq7@gmpg.org,05-09-21,60
945,Buddie,Wyrall,bwyrallq8@studiopress.com,14-03-21,3
946,Marshal,Salter,msalterq9@last.fm,02-02-23,81
947,Birdie,Traylen,btraylenqa@cam.ac.uk,22-02-22,22
948,Kelcey,Ferrero,kferreroqb@yelp.com,13-02-21,40
949,Enrica,Flecknoe,eflecknoeqc@slideshare.net,07-01-23,94
950,Fayette,Jovanovic,fjovanovicqd@squarespace.com,30-04-21,55
951,Padgett,Serginson,pserginsonqe@so-net.ne.jp,21-07-21,26
952,Esdras,Guarnier,eguarnierqf@yellowbook.com,23-07-22,67
953,Melinde,McAnellye,mmcanellyeqg@earthlink.net,25-01-21,2
954,Wylie,Bompass,wbompassqh@stanford.edu,21-02-22,28
955,Noam,Pullan,npullanqi@about.me,24-08-21,72
956,Hamlin,Dongall,hdongallqj@chicagotribune.com,25-12-21,49
957,Haskel,Deackes,hdeackesqk@github.com,22-06-21,79
958,Dorree,Branford,dbranfordql@ustream.tv,02-02-23,46
959,Duffy,Cannop,dcannopqm@joomla.org,04-05-22,62
960,Cinda,Aveline,cavelineqn@bravesites.com,05-12-22,50
961,Fernande,Edmead,fedmeadqo@cam.ac.uk,27-01-22,82
962,Noland,Ryott,nryottqp@biblegateway.com,21-08-21,98
963,Candy,Earingey,cearingeyqq@homestead.com,27-03-23,89
964,Vonni,Piris,vpirisqr@pagesperso-orange.fr,26-11-21,52
965,Emmott,Eyres,eeyresqs@theguardian.com,25-02-21,54
966,Darlene,Ogdahl,dogdahlqt@blogtalkradio.com,16-02-21,1
967,Roseann,Cluet,rcluetqu@php.net,18-07-22,12
968,Juliet,Moon,jmoonqv@chronoengine.com,12-08-22,55
969,Katharina,Bittleson,kbittlesonqw@domainmarket.com,06-05-22,6
970,Carlotta,Ummfrey,cummfreyqx@columbia.edu,25-08-22,97
971,Deeanne,Collett,dcollettqy@chron.com,24-08-21,18
972,Donnie,Dillicate,ddillicateqz@example.com,04-03-22,83
973,Miran,Chaffen,mchaffenr0@amazon.de,02-07-21,19
974,Cathleen,Upshall,cupshallr1@auda.org.au,12-11-20,7
975,Adamo,Norcutt,anorcuttr2@chronoengine.com,22-12-20,29
976,Bing,Metzke,bmetzker3@cbc.ca,29-05-21,45
977,Lucias,Mitkcov,lmitkcovr4@salon.com,15-01-23,87
978,Kayne,Grishkov,kgrishkovr5@ameblo.jp,31-08-21,12
979,Keith,Guilloud,kguilloudr6@si.edu,03-08-22,37
980,Raquel,Tours,rtoursr7@huffingtonpost.com,20-03-23,21
981,Reynard,Francklyn,rfrancklynr8@histats.com,29-05-22,28
982,Carmela,Danick,cdanickr9@miitbeian.gov.cn,05-01-21,79
983,Cherlyn,Szymanzyk,cszymanzykra@msu.edu,17-04-22,13
984,Marya,Duthy,mduthyrb@aboutads.info,05-06-21,25
985,Riordan,Wheble,rwheblerc@e-recht24.de,04-08-22,53
986,Kendricks,Waby,kwabyrd@goo.gl,21-03-21,91
987,Cybill,Matieu,cmatieure@va.gov,17-04-22,70
988,Auroora,Dimitresco,adimitrescorf@imgur.com,01-12-21,95
989,Stacie,Iddon,siddonrg@paypal.com,30-06-21,7
990,Jessi,Milborn,jmilbornrh@simplemachines.org,09-01-23,52
991,Nahum,Rudwell,nrudwellri@omniture.com,04-06-22,86
992,Sansone,Eckery,seckeryrj@biglobe.ne.jp,20-06-21,56
993,Madeline,Dolman,mdolmanrk@blogspot.com,20-09-22,73
994,Babbette,Mindenhall,bmindenhallrl@berkeley.edu,17-01-22,60
995,Alena,Parham,aparhamrm@1und1.de,30-03-22,46
996,Diane,Odeson,dodesonrn@jigsy.com,06-07-21,73
997,Darsie,Martugin,dmartuginro@hhs.gov,29-03-23,48
998,Meridel,Message,mmessagerp@cnet.com,04-08-21,26
999,Manda,Lequeux,mlequeuxrq@issuu.com,08-11-22,63
1000,Carline,Flecknoe,cflecknoerr@ed.gov,26-04-21,36
